PRAGMA foreign_keys=OFF;
BEGIN TRANSACTION;

CREATE TABLE landlord (id integer primary key, name text, Laddress text);
INSERT INTO "landlord" VALUES(1, 'Jeremy Ibay','24 Serrano Dr');
INSERT INTO "landlord" VALUES(2, 'Marisa Abril', 'Winston Dr');
INSERT INTO "landlord" VALUES(3, 'Some Name', '375 Buckingham Dr');
INSERT INTO "landlord" VALUES(4, 'Hating Lee', '26 Tapia Dr');
INSERT INTO "landlord" VALUES(5, 'Crystal Gems', '27 Cardenez Dr');
INSERT INTO "landlord" VALUES(6, 'Garnet', '235 Holloway Dr');

CREATE TABLE people(Pid string primary key, Pname string, Page integer, Paddress string, classStatus string, leaseTime string);
INSERT INTO "people" VALUES(1,'Michael Cramer',27,'24 Serrano Dr','Senior','0 Year');
INSERT INTO "people" VALUES(2,'Kevin Soncuya',29,'24 Serrano Dr','Senior','0 Year');
INSERT INTO "people" VALUES(3,'Robert Lin',12,'24 Serrano Dr','Senior','1 Year');
INSERT INTO "people" VALUES(4,'Xiong Feng',42,'24 Serrano Dr','Senior','1 Year');
INSERT INTO "people" VALUES(5,'Calvin Lee',67,'24 Serrano Dr','Senior','1 Year');
INSERT INTO "people" VALUES(6,'Royce Something',36,'235 Winston Dr','Junior','1 Year');
INSERT INTO "people" VALUES(7,'Raymond Yu ',42,'235 Winston Dr','Junior','1 Year');
INSERT INTO "people" VALUES(8,'George Lopez',2,'235 Winston Dr','Sophomore','1/2 Year');
INSERT INTO "people" VALUES(9,'George Washington',96,'375 Buckingham Dr','Freshman','1/2 Year');
INSERT INTO "people" VALUES(10,'Abraham Lincoln',42,'375 Buckhingham Dr','Freshman','1 Year');
INSERT INTO "people" VALUES(11,'Lorena Lee',92,'375 Buckingham Dr','Freshman','0 Year');
INSERT INTO "people" VALUES(12,'Random Name',85,'26 Tapia Dr','Sophomore','0 Year');
INSERT INTO "people" VALUES(13,'Haoe Yue ',39,'26 Tapia Dr','Senior','1/2 Year');
INSERT INTO "people" VALUES(14,'Kevin Xu',42,'McDonalds','Senior','1/2 Year');
INSERT INTO "people" VALUES(15,'Tamera Mowry ',66,'27 Cardenez Dr','Freshman','1 Year');
INSERT INTO "people" VALUES(16,'Svedka Bottle',93,'27 Cardenez Dr','Freshman','1/2 Year');
INSERT INTO "people" VALUES(17,'Smirnoff Bottle',90,'27 Cardenez Dr','Sophomore','1 Year');
INSERT INTO "people" VALUES(18,'Patron Drunk',21,'235 Holloway Dr','Senior','1/2 Year');
INSERT INTO "people" VALUES(19,'Kaskade Harris',38,'235 Holloway Dr','Freshman','1 Year');
INSERT INTO "people" VALUES(20,'Perina Leas',35,'235 Holloway Dr','Sophomore','1 Year');
CREATE TABLE apartment(address string primary key, internet string, paid string, water string);
INSERT INTO "apartment" VALUES('24 Serrano Dr','Yes','Yes','Yes');
INSERT INTO "apartment" VALUES('235 Winston Dr','No','No','Yes');
INSERT INTO "apartment" VALUES('375 Buckingham Dr','Yes','No','No');
INSERT INTO "apartment" VALUES('26 Tapia Dr','Yes','Yes','Yes');
INSERT INTO "apartment" VALUES('27 Cardenez Dr','No','Yes','Yes');
INSERT INTO "apartment" VALUES('235 Holloway Dr','No','No','No');
CREATE TABLE company(cname  string primary key, phone  string, utilities  string);
INSERT INTO "company" VALUES('Bills Plumbing','415-242-9262','water');
INSERT INTO "company" VALUES('Resnet','510-425-6281','internet');
CREATE TABLE supplies (address string, cname string, primary key(address, cname), foreign key(address) references apartment, foreign key (cname) references company);
CREATE TABLE lives (address string, pid string, primary key(address, pid), foreign key(address) references apartment, foreign key (pid) references people);
CREATE TABLE pays (Lname string, pid string, primary key(Lname, pid), foreign key(Lname) references landlord, foreign key (pid) references people);
COMMIT;
